call_failures,complaints,tenure,charge_band,seconds_of_use,call_count,sms_count,distinct_contacts,age_group,tariff_plan,status,age,customer_value,churn,customer_id
8,0,38,0,4370,71,5,17,3,1,1,30,197.64,0,UCI-00000
0,0,39,0,318,5,7,4,2,1,2,25,46.035,0,UCI-00001
10,0,37,0,2453,60,359,24,3,1,1,30,1536.52,0,UCI-00002
10,0,38,0,4198,66,1,35,1,1,1,15,240.02,0,UCI-00003
3,0,38,0,2393,58,2,33,1,1,1,15,145.805,0,UCI-00004
11,0,38,1,3775,82,32,28,3,1,1,30,282.28,0,UCI-00005
4,0,38,0,2360,39,285,18,3,1,1,30,1235.96,0,UCI-00006
13,0,37,2,9115,121,144,43,3,1,1,30,945.44,0,UCI-00007
7,0,38,0,13773,169,0,44,3,1,1,30,557.68,0,UCI-00008
7,0,38,1,4515,83,2,25,3,1,1,30,191.92,0,UCI-00009
6,0,38,0,5918,95,7,12,3,1,1,30,268.52,0,UCI-00010
9,0,38,0,2238,54,8,17,3,1,2,30,123.68,0,UCI-00011
25,0,38,3,15140,225,54,32,3,1,1,30,830.6,0,UCI-00012
4,0,38,1,3095,27,483,8,3,1,1,30,2056.88,0,UCI-00013
9,0,37,0,15485,182,150,30,2,1,1,25,1380.015,0,UCI-00014
3,0,37,1,6500,86,186,26,3,1,1,30,1007.44,0,UCI-00015
0,0,37,0,875,14,0,11,2,1,2,25,40.005,1,UCI-00016
2,0,38,0,710,14,13,8,3,1,2,30,80.96,0,UCI-00017
0,0,37,0,0,0,0,0,2,1,2,25,0.0,1,UCI-00018
3,0,37,0,7508,127,384,43,2,1,1,25,2071.575,0,UCI-00019
7,0,37,1,11465,154,11,47,4,1,1,45,317.975,0,UCI-00020
8,0,37,1,6718,75,108,37,2,1,1,25,791.685,0,UCI-00021
23,1,33,0,955,47,16,17,2,1,2,25,117.09,1,UCI-00022
21,1,36,8,10435,93,1,42,5,2,1,55,159.42,0,UCI-00023
13,1,36,1,5818,98,26,24,2,1,1,25,383.22,1,UCI-00024
